Workbook

Sheet pred
B1: this work | C1: kd | D1: kc | E1: three-term eq. | F1: four-term eq. | G1: observed_y
A2: 24 | B2: 1.1825874 | C2: 0.00052 | D2: =C2/conditions!$C$3 -> 520000 | E2: =1+(1/conditions!$C$5)+(conditions!$C$8^2/(conditions!$C$5^2*conditions!$C$9^2))*SQRT(PI()*conditions!$C$10^3*conditions!$C$9/(C2*D2*conditions!$C$11))*conditions!$C$16 -> 1.0562629 | F2: =1+(1/conditions!$C$5)+SQRT(PI()*conditions!$C$10^3*conditions!$C$9/(conditions!$C$11*C2*D2))*(conditions!$C$18/conditions!$C$4^2)+SQRT(conditions!$C$11*C2/(conditions!$C$10*D2*conditions!$C$9))*(conditions!$C$17/2) -> 1.3476571 | G2: 1.16
A3: 25 | B3: 1.1149954 | C3: 0.013 | D3: =C3/conditions!$C$3 -> 13000000 | E3: =1+(1/conditions!$C$5)+(conditions!$C$8^2/(conditions!$C$5^2*conditions!$C$9^2))*SQRT(PI()*conditions!$C$10^3*conditions!$C$9/(C3*D3*conditions!$C$11))*conditions!$C$16 -> 1.0082505 | F3: =1+(1/conditions!$C$5)+SQRT(PI()*conditions!$C$10^3*conditions!$C$9/(conditions!$C$11*C3*D3))*(conditions!$C$18/conditions!$C$4^2)+SQRT(conditions!$C$11*C3/(conditions!$C$10*D3*conditions!$C$9))*(conditions!$C$17/2) -> 1.0490695 | G3: 1.18
A4: 26 | B4: 1.4030812 | C4: 0.00087 | D4: =C4/conditions!$C$3 -> 870000 | E4: =1+(1/conditions!$C$5)+(conditions!$C$8^2/(conditions!$C$5^2*conditions!$C$9^2))*SQRT(PI()*conditions!$C$10^3*conditions!$C$9/(C4*D4*conditions!$C$11))*conditions!$C$16 -> 1.0361427 | F4: =1+(1/conditions!$C$5)+SQRT(PI()*conditions!$C$10^3*conditions!$C$9/(conditions!$C$11*C4*D4))*(conditions!$C$18/conditions!$C$4^2)+SQRT(conditions!$C$11*C4/(conditions!$C$10*D4*conditions!$C$9))*(conditions!$C$17/2) -> 1.2225306 | G4: 1.17
A5: 27 | B5: 1.2740372 | C5: 0.005 | D5: =C5/conditions!$C$3 -> 5000000 | E5: =1+(1/conditions!$C$5)+(conditions!$C$8^2/(conditions!$C$5^2*conditions!$C$9^2))*SQRT(PI()*conditions!$C$10^3*conditions!$C$9/(C5*D5*conditions!$C$11))*conditions!$C$16 -> 1.0114513 | F5: =1+(1/conditions!$C$5)+SQRT(PI()*conditions!$C$10^3*conditions!$C$9/(conditions!$C$11*C5*D5))*(conditions!$C$18/conditions!$C$4^2)+SQRT(conditions!$C$11*C5/(conditions!$C$10*D5*conditions!$C$9))*(conditions!$C$17/2) -> 1.0689753 | G5: 1.21
A6: 28 | B6: 1.1766125 | G6: 1.2
A7: 29 | B7: 1.1801091 | C7: 0.031 | D7: =C7/conditions!$C$3 -> 31000000 | E7: =1+(1/conditions!$C$5)+(conditions!$C$8^2/(conditions!$C$5^2*conditions!$C$9^2))*SQRT(PI()*conditions!$C$10^3*conditions!$C$9/(C7*D7*conditions!$C$11))*conditions!$C$16 -> 1.0070889 | F7: =1+(1/conditions!$C$5)+SQRT(PI()*conditions!$C$10^3*conditions!$C$9/(conditions!$C$11*C7*D7))*(conditions!$C$18/conditions!$C$4^2)+SQRT(conditions!$C$11*C7/(conditions!$C$10*D7*conditions!$C$9))*(conditions!$C$17/2) -> 1.0418456 | G7: 1.14
A8: 30a | B8: 1.2966371 | C8: 0.00049 | D8: =C8/conditions!$C$3 -> 490000 | E8: =1+(1/conditions!$C$5)+(conditions!$C$8^2/(conditions!$C$5^2*conditions!$C$9^2))*SQRT(PI()*conditions!$C$10^3*conditions!$C$9/(C8*D8*conditions!$C$11))*conditions!$C$16 -> 1.0593249 | F8: =1+(1/conditions!$C$5)+SQRT(PI()*conditions!$C$10^3*conditions!$C$9/(conditions!$C$11*C8*D8))*(conditions!$C$18/conditions!$C$4^2)+SQRT(conditions!$C$11*C8/(conditions!$C$10*D8*conditions!$C$9))*(conditions!$C$17/2) -> 1.3666997 | G8: 1.71
A9: 30b | B9: 1.3899013 | C9: 0.00049 | D9: =C9/conditions!$C$3 -> 490000 | E9: =1+(1/conditions!$C$5)+(conditions!$C$8^2/(conditions!$C$5^2*conditions!$C$9^2))*SQRT(PI()*conditions!$C$10^3*conditions!$C$9/(C9*D9*conditions!$C$11))*conditions!$C$16 -> 1.0593249 | F9: =1+(1/conditions!$C$5)+SQRT(PI()*conditions!$C$10^3*conditions!$C$9/(conditions!$C$11*C9*D9))*(conditions!$C$18/conditions!$C$4^2)+SQRT(conditions!$C$11*C9/(conditions!$C$10*D9*conditions!$C$9))*(conditions!$C$17/2) -> 1.3666997 | G9: 1.49
A10: 31 | B10: 1.1667467 | G10: 1.39
A11: 32 | B11: 1.5085476 | C11: 4.8e-05 | D11: =C11/conditions!$C$3 -> 48000 | E11: =1+(1/conditions!$C$5)+(conditions!$C$8^2/(conditions!$C$5^2*conditions!$C$9^2))*SQRT(PI()*conditions!$C$10^3*conditions!$C$9/(C11*D11*conditions!$C$11))*conditions!$C$16 -> 1.5480559 | F11: =1+(1/conditions!$C$5)+SQRT(PI()*conditions!$C$10^3*conditions!$C$9/(conditions!$C$11*C11*D11))*(conditions!$C$18/conditions!$C$4^2)+SQRT(conditions!$C$11*C11/(conditions!$C$10*D11*conditions!$C$9))*(conditions!$C$17/2) -> 4.4061071 | G11: 1.72
A12: 33 | B12: 1.1438579 | C12: 0.0027 | D12: =C12/conditions!$C$3 -> 2700000 | E12: =1+(1/conditions!$C$5)+(conditions!$C$8^2/(conditions!$C$5^2*conditions!$C$9^2))*SQRT(PI()*conditions!$C$10^3*conditions!$C$9/(C12*D12*conditions!$C$11))*conditions!$C$16 -> 1.0158821 | F12: =1+(1/conditions!$C$5)+SQRT(PI()*conditions!$C$10^3*conditions!$C$9/(conditions!$C$11*C12*D12))*(conditions!$C$18/conditions!$C$4^2)+SQRT(conditions!$C$11*C12/(conditions!$C$10*D12*conditions!$C$9))*(conditions!$C$17/2) -> 1.0965302 | G12: 1.14
A13: 35 | B13: 1.1705556 | G13: 1.15
A14: 36 | B14: 1.2265166 | G14: 1.19
A15: 37 | B15: 1.1763742 | G15: 1.16
A16: 38 | B16: 1.2695871 | G16: 1.15
A17: 39 | B17: 1.4679448 | C17: 0.00055 | D17: =C17/conditions!$C$3 -> 550000 | E17: =1+(1/conditions!$C$5)+(conditions!$C$8^2/(conditions!$C$5^2*conditions!$C$9^2))*SQRT(PI()*conditions!$C$10^3*conditions!$C$9/(C17*D17*conditions!$C$11))*conditions!$C$16 -> 1.0535349 | F17: =1+(1/conditions!$C$5)+SQRT(PI()*conditions!$C$10^3*conditions!$C$9/(conditions!$C$11*C17*D17))*(conditions!$C$18/conditions!$C$4^2)+SQRT(conditions!$C$11*C17/(conditions!$C$10*D17*conditions!$C$9))*(conditions!$C$17/2) -> 1.3306919 | G17: 1.65
A18: 40 | B18: 1.4021495 | C18: 6.5e-05 | D18: =C18/conditions!$C$3 -> 65000 | E18: =1+(1/conditions!$C$5)+(conditions!$C$8^2/(conditions!$C$5^2*conditions!$C$9^2))*SQRT(PI()*conditions!$C$10^3*conditions!$C$9/(C18*D18*conditions!$C$11))*conditions!$C$16 -> 1.4063528 | F18: =1+(1/conditions!$C$5)+SQRT(PI()*conditions!$C$10^3*conditions!$C$9/(conditions!$C$11*C18*D18))*(conditions!$C$18/conditions!$C$4^2)+SQRT(conditions!$C$11*C18/(conditions!$C$10*D18*conditions!$C$9))*(conditions!$C$17/2) -> 3.5248588 | G18: 1.25
A19: 42 | B19: 1.3415883 | G19: 1.3

Sheet conditions
B2: 【Assumption】
B3: K | C3: 1e-09
B4: Conversion | C4: 0.8
B5: Xn or rn | C5: =200*C4 -> 160
B7: 【Conditions】
B8: [M]0 | C8: 8.73 | D8: M
B9: [I]0 | C9: 0.0436 | D9: M
B10: kp | C10: 2000 | D10: M-1S-1
B11: kt | C11: 100000000 | D11: M-1S-1
B12: t | C12: 16
B14: 【Error function】
B15: z | C15: =SQRT(3*C10)*(C3*C9/(3*C11))^(1/6)*C12^(1/3) -> 0.14152826
B16: erf(z) | C16: =ERF(C15) -> 0.15863765
B17: u | C17: =SQRT(-2*LN(1-C4)) -> 1.7941226
B18: erf(u) | C18: =ERF(C17) -> 0.988828
